{
    "service": "sf-test",
    "frameworkVersion": "3",
    "plugins": [
        "serverless-step-functions",
        "serverless-pseudo-parameters"
    ],
    "provider": {
        "name": "aws",
        "runtime": "nodejs12.x",
        "region": "us-east-1",
        "profile": "default",
        "iamRoleStatements": [
            {
                "Effect": "Allow",
                "Action": [
                    "states:ListStateMachines",
                    "states:StartExecution"
                ],
                "Resource": "arn:aws:states:*:*:*"
            },
            {
                "Effect": "Allow",
                "Action": [
                    "dynamodb:*"
                ],
                "Resource": "arn:aws:dynamodb:#{AWS::Region}:#{AWS::AccountId}:table/bookTable"
            },
            {
                "Effect": "Allow",
                "Action": [
                    "dynamodb:*"
                ],
                "Resource": "arn:aws:dynamodb:#{AWS::Region}:#{AWS::AccountId}:table/userTable"
            },
            {
                "Effect": "Allow",
                "Action": "sns:*",
                "Resource": "arn:aws:sns:#{AWS::Region}:#{AWS::AccountId}:NotifyCourier"
            },
            {
                "Effect": "Allow",
                "Action": "sqs:*",
                "Resource": "arn:aws:sqs:#{AWS::Region}:#{AWS::AccountId}:OrdersQueue"
            }
        ]
    },
    "functions": {
        "checkInventory": {
            "handler": "handler.checkInventory"
        },
        "calculateTotal": {
            "handler": "handler.calculateTotal"
        },
        "redeemPoints": {
            "handler": "handler.redeemPoints"
        },
        "billCustomer": {
            "handler": "handler.billCustomer"
        },
        "restoreRedeemPoints": {
            "handler": "handler.restoreRedeemPoints"
        },
        "restoreQuantity": {
            "handler": "handler.restoreQuantity"
        },
        "sqsWorker": {
            "handler": "handler.sqsWorker",
            "events": [
                {
                    "sqs": {
                        "arn": "arn:aws:sqs:#{AWS::Region}:#{AWS::AccountId}:OrdersQueue",
                        "batchSize": 1
                    }
                }
            ]
        },
        "executeStepFunction": {
            "handler": "handler.executeStepFunction",
            "events": [
                {
                    "http": {
                        "path": "run",
                        "method": "post"
                    }
                }
            ]
        }
    },
    "stepFunctions": {
        "stateMachines": {
            "storeCheckoutFlow": {
                "name": "storeCheckoutFlow",
                "definition": {
                    "Comment": "Example step function",
                    "StartAt": "checkInventory",
                    "States": {
                        "checkInventory": {
                            "Type": "Task",
                            "Resource": "arn:aws:lambda:#{AWS::Region}:#{AWS::AccountId}:function:${self:service}-${opt:stage}-checkInventory",
                            "Catch": [
                                {
                                    "ErrorEquals": [
                                        "BookNotFound"
                                    ],
                                    "Next": "BookNotFoundError"
                                },
                                {
                                    "ErrorEquals": [
                                        "BookOutOfStock"
                                    ],
                                    "Next": "BookOutOfStockError"
                                }
                            ],
                            "ResultPath": "$.book",
                            "Next": "calculateTotal"
                        },
                        "calculateTotal": {
                            "Type": "Task",
                            "Resource": "arn:aws:lambda:#{AWS::Region}:#{AWS::AccountId}:function:${self:service}-${opt:stage}-calculateTotal",
                            "ResultPath": "$.total",
                            "Next": "isRedeemNeeded"
                        },
                        "isRedeemNeeded": {
                            "Type": "Choice",
                            "Choices": [
                                {
                                    "Variable": "$.redeem",
                                    "BooleanEquals": true,
                                    "Next": "RedeemPoints"
                                }
                            ],
                            "Default": "BillCustomer"
                        },
                        "RedeemPoints": {
                            "Type": "Task",
                            "Resource": "arn:aws:lambda:#{AWS::Region}:#{AWS::AccountId}:function:${self:service}-${opt:stage}-redeemPoints",
                            "ResultPath": "$.total",
                            "Catch": [
                                {
                                    "ErrorEquals": [
                                        "States.ALL"
                                    ],
                                    "Next": "RedeemPointsError"
                                }
                            ],
                            "Next": "BillCustomer"
                        },
                        "BillCustomer": {
                            "Type": "Task",
                            "Resource": "arn:aws:lambda:#{AWS::Region}:#{AWS::AccountId}:function:${self:service}-${opt:stage}-billCustomer",
                            "ResultPath": "$.billingStatus",
                            "Retry": [
                                {
                                    "ErrorEquals": [
                                        "States.ALL"
                                    ],
                                    "MaxAttempts": 0
                                }
                            ],
                            "Catch": [
                                {
                                    "ErrorEquals": [
                                        "States.ALL"
                                    ],
                                    "ResultPath": "$.customerBilling",
                                    "Next": "BillingError"
                                }
                            ],
                            "Next": "PrepareOrder"
                        },
                        "PrepareOrder": {
                            "Type": "Task",
                            "Resource": "arn:aws:states:::sqs:sendMessage",
                            "Parameters": {
                                "QueueUrl": "https://sqs.us-east-1.amazonaws.com/#{AWS::AccountId}/OrdersQueue",
                                "MessageBody": {
                                    "Input.$": "$"
                                }
                            },
                            "ResultPath": "$.courierStatus",
                            "Catch": [
                                {
                                    "ErrorEquals": [
                                        "NoCourierAvailable"
                                    ],
                                    "ResultPath": "$.courierError",
                                    "Next": "RefundCustomer"
                                }
                            ],
                            "Next": "DispatchOrder"
                        },
                        "DispatchOrder": {
                            "Type": "Task",
                            "Resource": "arn:aws:states:::sns:publish",
                            "Parameters": {
                                "TopicArn": "arn:aws:sns:#{AWS::Region}:#{AWS::AccountId}:NotifyCourier",
                                "Message.$": "$"
                            },
                            "Next": "Dispatched"
                        },
                        "Dispatched": {
                            "Type": "Pass",
                            "Result": "Your order will be dispatched in 24 hours",
                            "End": true
                        },
                        "RestoreRedeemPoints": {
                            "Type": "Task",
                            "Resource": "arn:aws:lambda:#{AWS::Region}:#{AWS::AccountId}:function:${self:service}-${opt:stage}-RestoreRedeemPoints",
                            "End": true
                        },
                        "RestoreQuantity": {
                            "Type": "Task",
                            "Resource": "arn:aws:lambda:#{AWS::Region}:#{AWS::AccountId}:function:${self:service}-${opt:stage}-RestoreQuantity",
                            "ResultPath": "$.quantityRestoreStatus",
                            "Next": "RestoreRedeemPoints"
                        },
                        "RefundCustomer": {
                            "Type": "Pass",
                            "Result": "Customer is refunded",
                            "ResultPath": "$.refundStatus",
                            "Next": "RestoreQuantity"
                        },
                        "BookNotFoundError": {
                            "Type": "Pass",
                            "Result": "No such book available",
                            "End": true
                        },
                        "BookOutOfStockError": {
                            "Type": "Pass",
                            "Result": "Sorry, the books is out of stock",
                            "End": true
                        },
                        "RedeemPointsError": {
                            "Type": "Pass",
                            "Result": "Error in redeeming points",
                            "End": true
                        },
                        "BillingError": {
                            "Type": "Pass",
                            "Result": "Billing error",
                            "ResultPath": "$.billingStatus",
                            "Next": "RestoreRedeemPoints"
                        }
                    }
                }
            }
        }
    }
}